{
   "rasa_nlu_data":{
      "common_examples":[
         {
            "text":"Hola hola hola Hola",
            "intent":"greet",
            "entities":[

            ]
         },
         {
            "text":"hola Hi",
            "intent":"greet",
            "entities":[

            ]
         },
         {
            "text":"hey",
            "intent":"greet",
            "entities":[

            ]
         },
         {
            "text":"howdy",
            "intent":"greet",
            "entities":[

            ]
         },
         {
            "text":"hey there",
            "intent":"greet",
            "entities":[

            ]
         },
         {
            "text":"Hello",
            "intent":"greet",
            "entities":[

            ]
         },
         {
            "text":"hello",
            "intent":"greet",
            "entities":[

            ]
         },
         {
            "text":"Hello!",
            "intent":"greet",
            "entities":[

            ]
         },
         {
            "text":"hi",
            "intent":"greet",
            "entities":[

            ]
         },
         {
            "text":"good morning",
            "intent":"greet",
            "entities":[

            ]
         },
         {
            "text":"good evening",
            "intent":"greet",
            "entities":[

            ]
         },
         {
            "text":"dear sir",
            "intent":"greet",
            "entities":[

            ]
         },
         {
            "text":"yes",
            "intent":"affirm",
            "entities":[

            ]
         },
         {
            "text":"yep",
            "intent":"affirm",
            "entities":[

            ]
         },
         {
            "text":"yeah",
            "intent":"affirm",
            "entities":[

            ]
         },
         {
            "text":"indeed",
            "intent":"affirm",
            "entities":[

            ]
         },
         {
            "text":"that's right",
            "intent":"affirm",
            "entities":[

            ]
         },
         {
            "text":"ok",
            "intent":"affirm",
            "entities":[

            ]
         },
         {
            "text":"great",
            "intent":"affirm",
            "entities":[

            ]
         },
         {
            "text":"right, thank you",
            "intent":"affirm",
            "entities":[

            ]
         },
         {
            "text":"correct",
            "intent":"affirm",
            "entities":[

            ]
         },
         {
            "text":"great choice",
            "intent":"affirm",
            "entities":[

            ]
         },
         {
            "text":"sounds really good",
            "intent":"affirm",
            "entities":[

            ]
         },
         {
            "text":"No, thanks",
            "intent":"deny",
            "entities":[

            ]
         },
         {
            "text":"Never mind",
            "intent":"deny",
            "entities":[

            ]
         },
         {
            "text":"Don't bother",
            "intent":"deny",
            "entities":[

            ]
         },
         {
            "text":"Nope",
            "intent":"deny",
            "entities":[

            ]
         },
         {
            "text":"i'm looking for a place to eat",
            "intent":"restaurant_search",
            "entities":[

            ]
         },
         {
            "text":"I want to grab lunch",
            "intent":"restaurant_search",
            "entities":[

            ]
         },
         {
            "text":"I am searching for a dinner spot",
            "intent":"restaurant_search",
            "entities":[

            ]
         },
         {
            "text":"i'm looking for restaurants in Delhi",
            "intent":"restaurant_search",
            "entities":[
               {
                  "start":31,
                  "end":36,
                  "value":"Delhi",
                  "entity":"location"
               }
            ]
         },
         {
            "text":"show me chinese restaurants",
            "intent":"restaurant_search",
            "entities":[
               {
                  "start":8,
                  "end":15,
                  "entity":"cuisine",
                  "value":"chinese"
               }
            ]
         },
         {
            "text":"show me chines restaurants in chennai",
            "intent":"restaurant_search",
            "entities":[
               {
                  "start":8,
                  "end":14,
                  "entity":"cuisine",
                  "value":"chinese"
               },
               {
                  "start":30,
                  "end":37,
                  "entity":"location",
                  "value":"chennai"
               }
            ]
         },
         {
            "text":"find me a mexican place in Hyderabad",
            "intent":"restaurant_search",
            "entities":[
               {
                  "start":10,
                  "end":17,
                  "entity":"cuisine",
                  "value":"mexican"
               },
               {
                  "start":27,
                  "end":36,
                  "entity":"location",
                  "value":"Hyderabad"
               }
            ]
         },
         {
            "text":"search for restaurants",
            "intent":"restaurant_search",
            "entities":[

            ]
         },
         {
            "text":"anywhere in Ahmedabad",
            "intent":"restaurant_search",
            "entities":[
               {
                  "start":12,
                  "end":21,
                  "entity":"location",
                  "value":"Ahmedabad"
               }
            ]
         },
         {
            "text":"I am looking for South indian food",
            "intent":"restaurant_search",
            "entities":[
               {
                  "start":17,
                  "end":29,
                  "entity":"cuisine",
                  "value":"South indian"
               }
            ]
         },
         {
            "text":"I am looking a restaurant in Nashik",
            "intent":"restaurant_search",
            "entities":[
               {
                  "start":29,
                  "end":35,
                  "entity":"location",
                  "value":"Nashik"
               }
            ]
         },
         {
            "text":"in Cuttack",
            "intent":"restaurant_search",
            "entities":[
               {
                  "start":3,
                  "end":10,
                  "entity":"location",
                  "value":"Cuttack"
               }
            ]
         },
         {
            "text":"South Indian",
            "intent":"restaurant_search",
            "entities":[
               {
                  "start":0,
                  "end":12,
                  "entity":"cuisine",
                  "value":"South Indian"
               }
            ]
         },
         {
            "text":"North Indian",
            "intent":"restaurant_search",
            "entities":[
               {
                  "start":0,
                  "end":12,
                  "entity":"cuisine",
                  "value":"North Indian"
               }
            ]
         },
         {
            "text":"Italian",
            "intent":"restaurant_search",
            "entities":[
               {
                  "start":0,
                  "end":7,
                  "entity":"cuisine",
                  "value":"Italian"
               }
            ]
         },
         {
            "text":"American",
            "intent":"restaurant_search",
            "entities":[
               {
                  "start":0,
                  "end":8,
                  "entity":"cuisine",
                  "value":"American"
               }
            ]
         },
         {
            "text":"Chinese",
            "intent":"restaurant_search",
            "entities":[
               {
                  "start":0,
                  "end":7,
                  "entity":"cuisine",
                  "value":"chinese"
               }
            ]
         },
         {
            "text":"chinese",
            "intent":"restaurant_search",
            "entities":[
               {
                  "start":0,
                  "end":7,
                  "entity":"cuisine",
                  "value":"chinese"
               }
            ]
         },
         {
            "text":"chines",
            "intent":"restaurant_search",
            "entities":[
               {
                  "start":0,
                  "end":6,
                  "entity":"cuisine",
                  "value":"chinese"
               }
            ]
         },
         {
            "text":"mexican",
            "intent":"restaurant_search",
            "entities":[
               {
                  "start":0,
                  "end":7,
                  "entity":"cuisine",
                  "value":"mexican"
               }
            ]
         },
         {
            "text":"Lithuania",
            "intent":"restaurant_search",
            "entities":[
               {
                  "start":0,
                  "end":9,
                  "entity":"location",
                  "value":"Lithuania"
               }
            ]
         },
         {
            "text":"Oh, sorry, in Surat",
            "intent":"restaurant_search",
            "entities":[
               {
                  "start":14,
                  "end":19,
                  "entity":"location",
                  "value":"Surat"
               }
            ]
         },
         {
            "text":"in delhi",
            "intent":"restaurant_search",
            "entities":[
               {
                  "start":3,
                  "end":8,
                  "entity":"location",
                  "value":"delhi"
               }
            ]
         },
         {
            "text":"In Delhi",
            "intent":"restaurant_search",
            "entities":[
               {
                  "start":3,
                  "end":8,
                  "entity":"location",
                  "value":"Delhi"
               }
            ]
         },
         {
            "text":"In Delhi.",
            "intent":"restaurant_search",
            "entities":[
               {
                  "start":3,
                  "end":8,
                  "entity":"location",
                  "value":"Delhi"
               }
            ]
         },
         {
            "text":"I am looking for some restaurants in Jaipur",
            "intent":"restaurant_search",
            "entities":[
               {
                  "start":37,
                  "end":43,
                  "value":"Jaipur",
                  "entity":"location"
               }
            ]
         },
         {
            "text":"I am looking for some restaurants in Delhi",
            "intent":"restaurant_search",
            "entities":[
               {
                  "start":37,
                  "end":42,
                  "entity":"location",
                  "value":"Delhi"
               }
            ]
         },
         {
            "text":"I am looking for some restaurants in delhi",
            "intent":"restaurant_search",
            "entities":[
               {
                  "start":37,
                  "end":42,
                  "entity":"location",
                  "value":"delhi"
               }
            ]
         },
         {
            "text":"I am looking for mexican fusion food",
            "intent":"restaurant_search",
            "entities":[
               {
                  "start":17,
                  "end":24,
                  "entity":"cuisine",
                  "value":"mexican"
               }
            ]
         },
         {
            "text":"can you book a table in raipur with american food for four people",
            "intent":"restaurant_search",
            "entities":[
               {
                  "start":36,
                  "end":44,
                  "entity":"cuisine",
                  "value":"american"
               },
               {
                  "start":24,
                  "end":30,
                  "entity":"location",
                  "value":"raipur"
               }
            ]
         },
         {
            "text":"south indian restaurant",
            "intent":"restaurant_search",
            "entities":[
               {
                  "start":0,
                  "end":12,
                  "entity":"cuisine",
                  "value":"south indian"
               }
            ]
         },
         {
            "text":"bye",
            "intent":"goodbye",
            "entities":[

            ]
         },
         {
            "text":"goodbye",
            "intent":"goodbye",
            "entities":[

            ]
         },
         {
            "text":"good bye",
            "intent":"goodbye",
            "entities":[

            ]
         },
         {
            "text":"stop",
            "intent":"goodbye",
            "entities":[

            ]
         },
         {
            "text":"end",
            "intent":"goodbye",
            "entities":[

            ]
         },
         {
            "text":"farewell",
            "intent":"goodbye",
            "entities":[

            ]
         },
         {
            "text":"Bye bye",
            "intent":"goodbye",
            "entities":[

            ]
         },
         {
            "text":"have a good one",
            "intent":"goodbye",
            "entities":[

            ]
         },
         {
            "text":"please help me to find restaurants in pune",
            "intent":"restaurant_search",
            "entities":[
               {
                  "start":38,
                  "end":42,
                  "entity":"location",
                  "value":"pune"
               }
            ]
         },
         {
            "text":"lesser than 113",
            "intent":"restaurant_search",
            "entities":[
               {
                  "start":12,
                  "end":15,
                  "entity":"maxbudget",
                  "value":"113"
               }
            ]
         },
         {
            "text":"More than 113",
            "intent":"restaurant_search",
            "entities":[
               {
                  "start":10,
                  "end":13,
                  "entity":"minbudget",
                  "value":"113"
               }
            ]
         },
         {
            "text":"i'm looking for restaurants in Delhi under 556",
            "intent":"restaurant_search",
            "entities":[
               {
                  "start":31,
                  "end":36,
                  "entity":"location",
                  "value":"Delhi"
               },
               {
                  "start":43,
                  "end":46,
                  "entity":"maxbudget",
                  "value":"556"
               }
            ]
         },
         {
            "text":"i'm looking for restaurants in chennai over 565",
            "intent":"restaurant_search",
            "entities":[
               {
                  "start":31,
                  "end":38,
                  "entity":"location",
                  "value":"chennai"
               },
               {
                  "start":44,
                  "end":47,
                  "entity":"minbudget",
                  "value":"565"
               }
            ]
         },
         {
            "text":"i'm looking for a restaurant in Delhi within 678",
            "intent":"restaurant_search",
            "entities":[
               {
                  "start":32,
                  "end":37,
                  "entity":"location",
                  "value":"Delhi"
               },
               {
                  "start":45,
                  "end":48,
                  "entity":"maxbudget",
                  "value":"678"
               }
            ]
         },
         {
            "text":"i'm looking for a restaurant in bangalore between 634 and 1133",
            "intent":"restaurant_search",
            "entities":[
               {
                  "start":32,
                  "end":41,
                  "entity":"location",
                  "value":"bangalore"
               },
               {
                  "start":58,
                  "end":62,
                  "entity":"maxbudget",
                  "value":"1133"
               },
               {
                  "start":50,
                  "end":53,
                  "entity":"minbudget",
                  "value":"634"
               }
            ]
         },
         {
            "text":"i'm looking for a restaurant in hyderabad between 527-872",
            "intent":"restaurant_search",
            "entities":[
               {
                  "start":32,
                  "end":41,
                  "entity":"location",
                  "value":"hyderabad"
               },
               {
                  "start":54,
                  "end":57,
                  "entity":"maxbudget",
                  "value":"872"
               },
               {
                  "start":50,
                  "end":53,
                  "entity":"minbudget",
                  "value":"527"
               }
            ]
         },
         {
            "text":"show me chinese restaurants over 5000",
            "intent":"restaurant_search",
            "entities":[
               {
                  "start":8,
                  "end":15,
                  "entity":"location",
                  "value":"chinese"
               },
               {
                  "start":33,
                  "end":37,
                  "entity":"minbudget",
                  "value":"5000"
               }
            ]
         },
         {
            "text":" find me chines restaurants in chennai within 638",
            "intent":"restaurant_search",
            "entities":[
               {
                  "start":9,
                  "end":15,
                  "entity":"cuisine",
                  "value":"chinese"
               },
               {
                  "start":31,
                  "end":38,
                  "entity":"location",
                  "value":"chennai"
               },
               {
                  "start":46,
                  "end":49,
                  "entity":"maxbudget",
                  "value":"638"
               }
            ]
         },
         {
            "text":"find me a mexican restaurant in Hyderabad between 285 and 723",
            "intent":"restaurant_search",
            "entities":[
               {
                  "start":10,
                  "end":17,
                  "entity":"cuisine",
                  "value":"mexican"
               },
               {
                  "start":32,
                  "end":41,
                  "entity":"location",
                  "value":"Hyderabad"
               },
               {
                  "start":58,
                  "end":61,
                  "entity":"maxbudget",
                  "value":"723"
               },
               {
                  "start":50,
                  "end":53,
                  "entity":"minbudget",
                  "value":"285"
               }
            ]
         },
         {
            "text":"find me a italian restaurant in Hyderabad",
            "intent":"restaurant_search",
            "entities":[
               {
                  "start":10,
                  "end":17,
                  "entity":"cuisine",
                  "value":"italian"
               },
               {
                  "start":32,
                  "end":41,
                  "entity":"location",
                  "value":"Hyderabad"
               }
            ]
         },
         {
            "text":"any Italian restaurant in Lucknow for range 466-792",
            "intent":"restaurant_search",
            "entities":[
               {
                  "start":4,
                  "end":11,
                  "entity":"cuisine",
                  "value":"Italian"
               },
               {
                  "start":26,
                  "end":33,
                  "entity":"location",
                  "value":"Lucknow"
               },
               {
                  "start":48,
                  "end":51,
                  "entity":"maxbudget",
                  "value":"792"
               },
               {
                  "start":44,
                  "end":47,
                  "entity":"minbudget",
                  "value":"466"
               }
            ]
         },
         {
            "text":"please help me find north indian restaurant in Lucknow",
            "intent":"restaurant_search",
            "entities":[
               {
                  "start":20,
                  "end":33,
                  "entity":"cuisine",
                  "value":"north indian"
               },
               {
                  "start":47,
                  "end":54,
                  "entity":"location",
                  "value":"Lucknow"
               }
            ]
         },
         {
            "text":"I am looking for South indian food below 453",
            "intent":"restaurant_search",
            "entities":[
               {
                  "start":17,
                  "end":29,
                  "entity":"cuisine",
                  "value":"South indian"
               },
               {
                  "start":41,
                  "end":44,
                  "entity":"maxbudget",
                  "value":"453"
               }
            ]
         },
         {
            "text":"I am looking a restaurant in Nashik from 391 to 845",
            "intent":"restaurant_search",
            "entities":[
               {
                  "start":29,
                  "end":35,
                  "entity":"location",
                  "value":"Nashik"
               },
               {
                  "start":48,
                  "end":51,
                  "entity":"maxbudget",
                  "value":"845"
               },
               {
                  "start":41,
                  "end":44,
                  "entity":"minbudget",
                  "value":"391"
               }
            ]
         },
         {
            "text":"no",
            "intent":"deny",
            "entities":[

            ]
         },
         {
            "text":"Yes",
            "intent":"affirm",
            "entities":[

            ]
         },
         {
            "text":"No",
            "intent":"deny",
            "entities":[

            ]
         },
         {
            "text":"lesser than 327",
            "intent":"restaurant_search",
            "entities":[
               {
                  "start":12,
                  "end":15,
                  "entity":"maxbudget",
                  "value":"327"
               }
            ]
         },
         {
            "text":"More than 327",
            "intent":"restaurant_search",
            "entities":[
               {
                  "start":10,
                  "end":13,
                  "entity":"minbudget",
                  "value":"327"
               }
            ]
         },
         {
            "text":"<abc",
            "intent":"restaurant_search",
            "entities":[
               {
                  "start":1,
                  "end":4,
                  "entity":"maxbudget",
                  "value":"abc"
               }
            ]
         },
         {
            "text":">def",
            "intent":"restaurant_search",
            "entities":[
               {
                  "start":1,
                  "end":4,
                  "entity":"minbudget",
                  "value":"def"
               }
            ]
         },
         {
            "text":"301 to 702",
            "intent":"restaurant_search",
            "entities":[
               {
                  "start":7,
                  "end":10,
                  "entity":"maxbudget",
                  "value":"702"
               },
               {
                  "start":0,
                  "end":3,
                  "entity":"minbudget",
                  "value":"301"
               }
            ]
         },
         {
            "text":"Rs 316 to 801",
            "intent":"restaurant_search",
            "entities":[
               {
                  "start":10,
                  "end":13,
                  "entity":"maxbudget",
                  "value":"801"
               },
               {
                  "start":3,
                  "end":6,
                  "entity":"minbudget",
                  "value":"316"
               }
            ]
         },
         {
            "text":"More than 2344",
            "intent":"restaurant_search",
            "entities":[
               {
                  "start":10,
                  "end":14,
                  "entity":"minbudget",
                  "value":"2344"
               }
            ]
         },
         {
            "text":"zomafood95@gmail.com",
            "intent":"send_mail",
            "entities":[
               {
                  "start":0,
                  "end":20,
                  "entity":"emailid",
                  "value":"zomafood95@gmail.com"
               }
            ]
         },
         {
            "text":"my email id is zomafood95@gmail.com",
            "intent":"send_mail",
            "entities":[
               {
                  "start":15,
                  "end":35,
                  "entity":"emailid",
                  "value":"zomafood95@gmail.com"
               }
            ]
         },
         {
            "text":"please send it to test.me@gmail.com",
            "intent":"send_mail",
            "entities":[
               {
                  "start":18,
                  "end":35,
                  "entity":"emailid",
                  "value":"zomafood95@gmail.com"
               }
            ]
         },
         {
            "text":"rahul.dravid@yahoo.com",
            "intent":"send_mail",
            "entities":[
               {
                  "start":0,
                  "end":22,
                  "entity":"emailid",
                  "value":"rahul.dravid@yahoo.com"
               }
            ]
         },
         {
            "text":"viratkohli@gmail.com",
            "intent":"send_mail",
            "entities":[
               {
                  "start":0,
                  "end":20,
                  "entity":"emailid",
                  "value":"viratkohli@gmail.com"
               }
            ]
         },
         {
            "text":"My email is viratkohli@gmail.com",
            "intent":"send_mail",
            "entities":[
               {
                  "start":12,
                  "end":32,
                  "entity":"emailid",
                  "value":"viratkohli@gmail.com"
               }
            ]
         },
         {
            "text":"email : dummymail@gmail.com",
            "intent":"send_mail",
            "entities":[
               {
                  "start":8,
                  "end":27,
                  "entity":"emailid",
                  "value":"dummymail@gmail.com"
               }
            ]
         },
         {
            "text":"murthyarjun02@gmail.com",
            "intent":"send_mail",
            "entities":[
               {
                  "start":0,
                  "end":23,
                  "entity":"emailid",
                  "value":"murthyarjun02@gmail.com"
               }
            ]
         },
         {
            "text":"my email is arjunmurthy2095@gmail.com",
            "intent":"send_mail",
            "entities":[
               {
                  "start":12,
                  "end":37,
                  "entity":"emailid",
                  "value":"arjunmurthy2095@gmail.com"
               }
            ]
         },
         {
            "text":"email : pubg@g.co.in",
            "intent":"send_mail",
            "entities":[
               {
                  "start":8,
                  "end":20,
                  "entity":"emailid",
                  "value":"pubg@g.co.in"
               }
            ]
         },
         {
            "text":"Ahmedabad",
            "intent":"restaurant_search",
            "entities":[
               {
                  "start":0,
                  "end":9,
                  "entity":"location",
                  "value":"Ahmedabad"
               }
            ]
         },
         {
            "text":"Bangalore",
            "intent":"restaurant_search",
            "entities":[
               {
                  "start":0,
                  "end":9,
                  "entity":"location",
                  "value":"Bangalore"
               }
            ]
         },
         {
            "text":"Chennai",
            "intent":"restaurant_search",
            "entities":[
               {
                  "start":0,
                  "end":7,
                  "entity":"location",
                  "value":"Chennai"
               }
            ]
         },
         {
            "text":"Delhi",
            "intent":"restaurant_search",
            "entities":[
               {
                  "start":0,
                  "end":5,
                  "entity":"location",
                  "value":"Delhi"
               }
            ]
         },
         {
            "text":"Hyderabad",
            "intent":"restaurant_search",
            "entities":[
               {
                  "start":0,
                  "end":9,
                  "entity":"location",
                  "value":"Hyderabad"
               }
            ]
         },
         {
            "text":"Kolkata",
            "intent":"restaurant_search",
            "entities":[
               {
                  "start":0,
                  "end":7,
                  "entity":"location",
                  "value":"Kolkata"
               }
            ]
         },
         {
            "text":"Mumbai",
            "intent":"restaurant_search",
            "entities":[
               {
                  "start":0,
                  "end":6,
                  "entity":"location",
                  "value":"Mumbai"
               }
            ]
         },
         {
            "text":"Pune",
            "intent":"restaurant_search",
            "entities":[
               {
                  "start":0,
                  "end":4,
                  "entity":"location",
                  "value":"Pune"
               }
            ]
         },
         {
            "text":"Agra",
            "intent":"restaurant_search",
            "entities":[
               {
                  "start":0,
                  "end":4,
                  "entity":"location",
                  "value":"Agra"
               }
            ]
         },
         {
            "text":"Ajmer",
            "intent":"restaurant_search",
            "entities":[
               {
                  "start":0,
                  "end":5,
                  "entity":"location",
                  "value":"Ajmer"
               }
            ]
         },
         {
            "text":"Aligarh",
            "intent":"restaurant_search",
            "entities":[
               {
                  "start":0,
                  "end":7,
                  "entity":"location",
                  "value":"Aligarh"
               }
            ]
         },
         {
            "text":"Allahabad",
            "intent":"restaurant_search",
            "entities":[
               {
                  "start":0,
                  "end":9,
                  "entity":"location",
                  "value":"Allahabad"
               }
            ]
         },
         {
            "text":"Amravati",
            "intent":"restaurant_search",
            "entities":[
               {
                  "start":0,
                  "end":8,
                  "entity":"location",
                  "value":"Amravati"
               }
            ]
         },
         {
            "text":"Amritsar",
            "intent":"restaurant_search",
            "entities":[
               {
                  "start":0,
                  "end":8,
                  "entity":"location",
                  "value":"Amritsar"
               }
            ]
         },
         {
            "text":"Asansol",
            "intent":"restaurant_search",
            "entities":[
               {
                  "start":0,
                  "end":7,
                  "entity":"location",
                  "value":"Asansol"
               }
            ]
         },
         {
            "text":"Aurangabad",
            "intent":"restaurant_search",
            "entities":[
               {
                  "start":0,
                  "end":10,
                  "entity":"location",
                  "value":"Aurangabad"
               }
            ]
         },
         {
            "text":"Bareilly",
            "intent":"restaurant_search",
            "entities":[
               {
                  "start":0,
                  "end":8,
                  "entity":"location",
                  "value":"Bareilly"
               }
            ]
         },
         {
            "text":"Belgaum",
            "intent":"restaurant_search",
            "entities":[
               {
                  "start":0,
                  "end":7,
                  "entity":"location",
                  "value":"Belgaum"
               }
            ]
         },
         {
            "text":"Bhavnagar",
            "intent":"restaurant_search",
            "entities":[
               {
                  "start":0,
                  "end":9,
                  "entity":"location",
                  "value":"Bhavnagar"
               }
            ]
         },
         {
            "text":"Bhiwandi",
            "intent":"restaurant_search",
            "entities":[
               {
                  "start":0,
                  "end":8,
                  "entity":"location",
                  "value":"Bhiwandi"
               }
            ]
         },
         {
            "text":"Bhopal",
            "intent":"restaurant_search",
            "entities":[
               {
                  "start":0,
                  "end":6,
                  "entity":"location",
                  "value":"Bhopal"
               }
            ]
         },
         {
            "text":"Bhubaneswar",
            "intent":"restaurant_search",
            "entities":[
               {
                  "start":0,
                  "end":11,
                  "entity":"location",
                  "value":"Bhubaneswar"
               }
            ]
         },
         {
            "text":"Bikaner",
            "intent":"restaurant_search",
            "entities":[
               {
                  "start":0,
                  "end":7,
                  "entity":"location",
                  "value":"Bikaner"
               }
            ]
         },
         {
            "text":"Bokaro Steel City",
            "intent":"restaurant_search",
            "entities":[
               {
                  "start":0,
                  "end":17,
                  "entity":"location",
                  "value":"Bokaro Steel City"
               }
            ]
         },
         {
            "text":"Chandigarh",
            "intent":"restaurant_search",
            "entities":[
               {
                  "start":0,
                  "end":10,
                  "entity":"location",
                  "value":"Chandigarh"
               }
            ]
         },
         {
            "text":"Coimbatore",
            "intent":"restaurant_search",
            "entities":[
               {
                  "start":0,
                  "end":10,
                  "entity":"location",
                  "value":"Coimbatore"
               }
            ]
         },
         {
            "text":"Cuttack",
            "intent":"restaurant_search",
            "entities":[
               {
                  "start":0,
                  "end":7,
                  "entity":"location",
                  "value":"Cuttack"
               }
            ]
         },
         {
            "text":"Dehradun",
            "intent":"restaurant_search",
            "entities":[
               {
                  "start":0,
                  "end":8,
                  "entity":"location",
                  "value":"Dehradun"
               }
            ]
         },
         {
            "text":"Dhanbad",
            "intent":"restaurant_search",
            "entities":[
               {
                  "start":0,
                  "end":7,
                  "entity":"location",
                  "value":"Dhanbad"
               }
            ]
         },
         {
            "text":"Durg-Bhilai Nagar",
            "intent":"restaurant_search",
            "entities":[
               {
                  "start":0,
                  "end":17,
                  "entity":"location",
                  "value":"Durg-Bhilai Nagar"
               }
            ]
         },
         {
            "text":"Durgapur",
            "intent":"restaurant_search",
            "entities":[
               {
                  "start":0,
                  "end":8,
                  "entity":"location",
                  "value":"Durgapur"
               }
            ]
         },
         {
            "text":"Erode",
            "intent":"restaurant_search",
            "entities":[
               {
                  "start":0,
                  "end":5,
                  "entity":"location",
                  "value":"Erode"
               }
            ]
         },
         {
            "text":"Faridabad",
            "intent":"restaurant_search",
            "entities":[
               {
                  "start":0,
                  "end":9,
                  "entity":"location",
                  "value":"Faridabad"
               }
            ]
         },
         {
            "text":"Firozabad",
            "intent":"restaurant_search",
            "entities":[
               {
                  "start":0,
                  "end":9,
                  "entity":"location",
                  "value":"Firozabad"
               }
            ]
         },
         {
            "text":"Ghaziabad",
            "intent":"restaurant_search",
            "entities":[
               {
                  "start":0,
                  "end":9,
                  "entity":"location",
                  "value":"Ghaziabad"
               }
            ]
         },
         {
            "text":"Gorakhpur",
            "intent":"restaurant_search",
            "entities":[
               {
                  "start":0,
                  "end":9,
                  "entity":"location",
                  "value":"Gorakhpur"
               }
            ]
         },
         {
            "text":"Gulbarga",
            "intent":"restaurant_search",
            "entities":[
               {
                  "start":0,
                  "end":8,
                  "entity":"location",
                  "value":"Gulbarga"
               }
            ]
         },
         {
            "text":"Guntur",
            "intent":"restaurant_search",
            "entities":[
               {
                  "start":0,
                  "end":6,
                  "entity":"location",
                  "value":"Guntur"
               }
            ]
         },
         {
            "text":"Gurgaon",
            "intent":"restaurant_search",
            "entities":[
               {
                  "start":0,
                  "end":7,
                  "entity":"location",
                  "value":"Gurgaon"
               }
            ]
         },
         {
            "text":"Guwahati",
            "intent":"restaurant_search",
            "entities":[
               {
                  "start":0,
                  "end":8,
                  "entity":"location",
                  "value":"Guwahati"
               }
            ]
         },
         {
            "text":"Gwalior",
            "intent":"restaurant_search",
            "entities":[
               {
                  "start":0,
                  "end":7,
                  "entity":"location",
                  "value":"Gwalior"
               }
            ]
         },
         {
            "text":"Hubli-Dharwad",
            "intent":"restaurant_search",
            "entities":[
               {
                  "start":0,
                  "end":13,
                  "entity":"location",
                  "value":"Hubli-Dharwad"
               }
            ]
         },
         {
            "text":"Indore",
            "intent":"restaurant_search",
            "entities":[
               {
                  "start":0,
                  "end":6,
                  "entity":"location",
                  "value":"Indore"
               }
            ]
         },
         {
            "text":"Jabalpur",
            "intent":"restaurant_search",
            "entities":[
               {
                  "start":0,
                  "end":8,
                  "entity":"location",
                  "value":"Jabalpur"
               }
            ]
         },
         {
            "text":"Jaipur",
            "intent":"restaurant_search",
            "entities":[
               {
                  "start":0,
                  "end":6,
                  "entity":"location",
                  "value":"Jaipur"
               }
            ]
         },
         {
            "text":"Jalandhar",
            "intent":"restaurant_search",
            "entities":[
               {
                  "start":0,
                  "end":9,
                  "entity":"location",
                  "value":"Jalandhar"
               }
            ]
         },
         {
            "text":"Jammu",
            "intent":"restaurant_search",
            "entities":[
               {
                  "start":0,
                  "end":5,
                  "entity":"location",
                  "value":"Jammu"
               }
            ]
         },
         {
            "text":"Jamnagar",
            "intent":"restaurant_search",
            "entities":[
               {
                  "start":0,
                  "end":8,
                  "entity":"location",
                  "value":"Jamnagar"
               }
            ]
         },
         {
            "text":"Jamshedpur",
            "intent":"restaurant_search",
            "entities":[
               {
                  "start":0,
                  "end":10,
                  "entity":"location",
                  "value":"Jamshedpur"
               }
            ]
         },
         {
            "text":"Jhansi",
            "intent":"restaurant_search",
            "entities":[
               {
                  "start":0,
                  "end":6,
                  "entity":"location",
                  "value":"Jhansi"
               }
            ]
         },
         {
            "text":"Jodhpur",
            "intent":"restaurant_search",
            "entities":[
               {
                  "start":0,
                  "end":7,
                  "entity":"location",
                  "value":"Jodhpur"
               }
            ]
         },
         {
            "text":"Kannur",
            "intent":"restaurant_search",
            "entities":[
               {
                  "start":0,
                  "end":6,
                  "entity":"location",
                  "value":"Kannur"
               }
            ]
         },
         {
            "text":"Kanpur",
            "intent":"restaurant_search",
            "entities":[
               {
                  "start":0,
                  "end":6,
                  "entity":"location",
                  "value":"Kanpur"
               }
            ]
         },
         {
            "text":"Kakinada",
            "intent":"restaurant_search",
            "entities":[
               {
                  "start":0,
                  "end":8,
                  "entity":"location",
                  "value":"Kakinada"
               }
            ]
         },
         {
            "text":"Kochi",
            "intent":"restaurant_search",
            "entities":[
               {
                  "start":0,
                  "end":5,
                  "entity":"location",
                  "value":"Kochi"
               }
            ]
         },
         {
            "text":"Kottayam",
            "intent":"restaurant_search",
            "entities":[
               {
                  "start":0,
                  "end":8,
                  "entity":"location",
                  "value":"Kottayam"
               }
            ]
         },
         {
            "text":"Kolhapur",
            "intent":"restaurant_search",
            "entities":[
               {
                  "start":0,
                  "end":8,
                  "entity":"location",
                  "value":"Kolhapur"
               }
            ]
         },
         {
            "text":"Kollam",
            "intent":"restaurant_search",
            "entities":[
               {
                  "start":0,
                  "end":6,
                  "entity":"location",
                  "value":"Kollam"
               }
            ]
         },
         {
            "text":"Kota",
            "intent":"restaurant_search",
            "entities":[
               {
                  "start":0,
                  "end":4,
                  "entity":"location",
                  "value":"Kota"
               }
            ]
         },
         {
            "text":"Kozhikode",
            "intent":"restaurant_search",
            "entities":[
               {
                  "start":0,
                  "end":9,
                  "entity":"location",
                  "value":"Kozhikode"
               }
            ]
         },
         {
            "text":"Kurnool",
            "intent":"restaurant_search",
            "entities":[
               {
                  "start":0,
                  "end":7,
                  "entity":"location",
                  "value":"Kurnool"
               }
            ]
         },
         {
            "text":"Lucknow",
            "intent":"restaurant_search",
            "entities":[
               {
                  "start":0,
                  "end":7,
                  "entity":"location",
                  "value":"Lucknow"
               }
            ]
         },
         {
            "text":"Ludhiana",
            "intent":"restaurant_search",
            "entities":[
               {
                  "start":0,
                  "end":8,
                  "entity":"location",
                  "value":"Ludhiana"
               }
            ]
         },
         {
            "text":"Madurai",
            "intent":"restaurant_search",
            "entities":[
               {
                  "start":0,
                  "end":7,
                  "entity":"location",
                  "value":"Madurai"
               }
            ]
         },
         {
            "text":"Malappuram",
            "intent":"restaurant_search",
            "entities":[
               {
                  "start":0,
                  "end":10,
                  "entity":"location",
                  "value":"Malappuram"
               }
            ]
         },
         {
            "text":"Mathura",
            "intent":"restaurant_search",
            "entities":[
               {
                  "start":0,
                  "end":7,
                  "entity":"location",
                  "value":"Mathura"
               }
            ]
         },
         {
            "text":"Goa",
            "intent":"restaurant_search",
            "entities":[
               {
                  "start":0,
                  "end":3,
                  "entity":"location",
                  "value":"Goa"
               }
            ]
         },
         {
            "text":"Mangalore",
            "intent":"restaurant_search",
            "entities":[
               {
                  "start":0,
                  "end":9,
                  "entity":"location",
                  "value":"Mangalore"
               }
            ]
         },
         {
            "text":"Meerut",
            "intent":"restaurant_search",
            "entities":[
               {
                  "start":0,
                  "end":6,
                  "entity":"location",
                  "value":"Meerut"
               }
            ]
         },
         {
            "text":"Moradabad",
            "intent":"restaurant_search",
            "entities":[
               {
                  "start":0,
                  "end":9,
                  "entity":"location",
                  "value":"Moradabad"
               }
            ]
         },
         {
            "text":"Mysore",
            "intent":"restaurant_search",
            "entities":[
               {
                  "start":0,
                  "end":6,
                  "entity":"location",
                  "value":"Mysore"
               }
            ]
         },
         {
            "text":"Nagpur",
            "intent":"restaurant_search",
            "entities":[
               {
                  "start":0,
                  "end":6,
                  "entity":"location",
                  "value":"Nagpur"
               }
            ]
         },
         {
            "text":"Nanded",
            "intent":"restaurant_search",
            "entities":[
               {
                  "start":0,
                  "end":6,
                  "entity":"location",
                  "value":"Nanded"
               }
            ]
         },
         {
            "text":"Nashik",
            "intent":"restaurant_search",
            "entities":[
               {
                  "start":0,
                  "end":6,
                  "entity":"location",
                  "value":"Nashik"
               }
            ]
         },
         {
            "text":"Nellore",
            "intent":"restaurant_search",
            "entities":[
               {
                  "start":0,
                  "end":7,
                  "entity":"location",
                  "value":"Nellore"
               }
            ]
         },
         {
            "text":"Noida",
            "intent":"restaurant_search",
            "entities":[
               {
                  "start":0,
                  "end":5,
                  "entity":"location",
                  "value":"Noida"
               }
            ]
         },
         {
            "text":"Palakkad",
            "intent":"restaurant_search",
            "entities":[
               {
                  "start":0,
                  "end":8,
                  "entity":"location",
                  "value":"Palakkad"
               }
            ]
         },
         {
            "text":"Patna",
            "intent":"restaurant_search",
            "entities":[
               {
                  "start":0,
                  "end":5,
                  "entity":"location",
                  "value":"Patna"
               }
            ]
         },
         {
            "text":"Pondicherry",
            "intent":"restaurant_search",
            "entities":[
               {
                  "start":0,
                  "end":11,
                  "entity":"location",
                  "value":"Pondicherry"
               }
            ]
         },
         {
            "text":"Raipur",
            "intent":"restaurant_search",
            "entities":[
               {
                  "start":0,
                  "end":6,
                  "entity":"location",
                  "value":"Raipur"
               }
            ]
         },
         {
            "text":"Rajkot",
            "intent":"restaurant_search",
            "entities":[
               {
                  "start":0,
                  "end":6,
                  "entity":"location",
                  "value":"Rajkot"
               }
            ]
         },
         {
            "text":"Rajahmundry",
            "intent":"restaurant_search",
            "entities":[
               {
                  "start":0,
                  "end":11,
                  "entity":"location",
                  "value":"Rajahmundry"
               }
            ]
         },
         {
            "text":"Ranchi",
            "intent":"restaurant_search",
            "entities":[
               {
                  "start":0,
                  "end":6,
                  "entity":"location",
                  "value":"Ranchi"
               }
            ]
         },
         {
            "text":"Rourkela",
            "intent":"restaurant_search",
            "entities":[
               {
                  "start":0,
                  "end":8,
                  "entity":"location",
                  "value":"Rourkela"
               }
            ]
         },
         {
            "text":"Salem",
            "intent":"restaurant_search",
            "entities":[
               {
                  "start":0,
                  "end":5,
                  "entity":"location",
                  "value":"Salem"
               }
            ]
         },
         {
            "text":"Sangli",
            "intent":"restaurant_search",
            "entities":[
               {
                  "start":0,
                  "end":6,
                  "entity":"location",
                  "value":"Sangli"
               }
            ]
         },
         {
            "text":"Siliguri",
            "intent":"restaurant_search",
            "entities":[
               {
                  "start":0,
                  "end":8,
                  "entity":"location",
                  "value":"Siliguri"
               }
            ]
         },
         {
            "text":"Solapur",
            "intent":"restaurant_search",
            "entities":[
               {
                  "start":0,
                  "end":7,
                  "entity":"location",
                  "value":"Solapur"
               }
            ]
         },
         {
            "text":"Srinagar",
            "intent":"restaurant_search",
            "entities":[
               {
                  "start":0,
                  "end":8,
                  "entity":"location",
                  "value":"Srinagar"
               }
            ]
         },
         {
            "text":"Sultanpur",
            "intent":"restaurant_search",
            "entities":[
               {
                  "start":0,
                  "end":9,
                  "entity":"location",
                  "value":"Sultanpur"
               }
            ]
         },
         {
            "text":"Surat",
            "intent":"restaurant_search",
            "entities":[
               {
                  "start":0,
                  "end":5,
                  "entity":"location",
                  "value":"Surat"
               }
            ]
         },
         {
            "text":"Thiruvananthapuram",
            "intent":"restaurant_search",
            "entities":[
               {
                  "start":0,
                  "end":18,
                  "entity":"location",
                  "value":"Thiruvananthapuram"
               }
            ]
         },
         {
            "text":"Thrissur",
            "intent":"restaurant_search",
            "entities":[
               {
                  "start":0,
                  "end":8,
                  "entity":"location",
                  "value":"Thrissur"
               }
            ]
         },
         {
            "text":"Tiruchirappalli",
            "intent":"restaurant_search",
            "entities":[
               {
                  "start":0,
                  "end":15,
                  "entity":"location",
                  "value":"Tiruchirappalli"
               }
            ]
         },
         {
            "text":"Tirunelveli",
            "intent":"restaurant_search",
            "entities":[
               {
                  "start":0,
                  "end":11,
                  "entity":"location",
                  "value":"Tirunelveli"
               }
            ]
         },
         {
            "text":"Tiruppur",
            "intent":"restaurant_search",
            "entities":[
               {
                  "start":0,
                  "end":8,
                  "entity":"location",
                  "value":"Tiruppur"
               }
            ]
         },
         {
            "text":"Ujjain",
            "intent":"restaurant_search",
            "entities":[
               {
                  "start":0,
                  "end":6,
                  "entity":"location",
                  "value":"Ujjain"
               }
            ]
         },
         {
            "text":"Bijapur",
            "intent":"restaurant_search",
            "entities":[
               {
                  "start":0,
                  "end":7,
                  "entity":"location",
                  "value":"Bijapur"
               }
            ]
         },
         {
            "text":"Vadodara",
            "intent":"restaurant_search",
            "entities":[
               {
                  "start":0,
                  "end":8,
                  "entity":"location",
                  "value":"Vadodara"
               }
            ]
         },
         {
            "text":"Varanasi",
            "intent":"restaurant_search",
            "entities":[
               {
                  "start":0,
                  "end":8,
                  "entity":"location",
                  "value":"Varanasi"
               }
            ]
         },
         {
            "text":"Vasai-Virar City",
            "intent":"restaurant_search",
            "entities":[
               {
                  "start":0,
                  "end":16,
                  "entity":"location",
                  "value":"Vasai-Virar City"
               }
            ]
         },
         {
            "text":"Vijayawada",
            "intent":"restaurant_search",
            "entities":[
               {
                  "start":0,
                  "end":10,
                  "entity":"location",
                  "value":"Vijayawada"
               }
            ]
         },
         {
            "text":"Visakhapatnam",
            "intent":"restaurant_search",
            "entities":[
               {
                  "start":0,
                  "end":13,
                  "entity":"location",
                  "value":"Visakhapatnam"
               }
            ]
         },
         {
            "text":"Warangal",
            "intent":"restaurant_search",
            "entities":[
               {
                  "start":0,
                  "end":8,
                  "entity":"location",
                  "value":"Warangal"
               }
            ]
         },
         {
            "text":"lesser than 144",
            "intent":"restaurant_search",
            "entities":[
               {
                  "start":12,
                  "end":15,
                  "entity":"maxbudget",
                  "value":"144"
               }
            ]
         },
         {
            "text":"lesser than 859",
            "intent":"restaurant_search",
            "entities":[
               {
                  "start":12,
                  "end":15,
                  "entity":"maxbudget",
                  "value":"859"
               }
            ]
         },
         {
            "text":"lesser than 2344",
            "intent":"restaurant_search",
            "entities":[
               {
                  "start":12,
                  "end":16,
                  "entity":"maxbudget",
                  "value":"2344"
               }
            ]
         },
         {
            "text":"Rs 442 to 824",
            "intent":"restaurant_search",
            "entities":[
               {
                  "start":10,
                  "end":13,
                  "entity":"maxbudget",
                  "value":"824"
               },
               {
                  "start":3,
                  "end":6,
                  "entity":"minbudget",
                  "value":"442"
               }
            ]
         },
         {
            "text":"Rs 223 to 646",
            "intent":"restaurant_search",
            "entities":[
               {
                  "start":10,
                  "end":13,
                  "entity":"maxbudget",
                  "value":"646"
               },
               {
                  "start":3,
                  "end":6,
                  "entity":"minbudget",
                  "value":"223"
               }
            ]
         },
         {
            "text":"More than 144",
            "intent":"restaurant_search",
            "entities":[
               {
                  "start":10,
                  "end":13,
                  "entity":"minbudget",
                  "value":"144"
               }
            ]
         },
         {
            "text":"More than 693",
            "intent":"restaurant_search",
            "entities":[
               {
                  "start":10,
                  "end":13,
                  "entity":"minbudget",
                  "value":"693"
               }
            ]
         },
         {
            "text":"More than 859",
            "intent":"restaurant_search",
            "entities":[
               {
                  "start":10,
                  "end":13,
                  "entity":"minbudget",
                  "value":"859"
               }
            ]
         },
         {
            "text":"More than 700",
            "intent":"restaurant_search",
            "entities":[
               {
                  "start":10,
                  "end":13,
                  "entity":"minbudget",
                  "value":"700"
               }
            ]
         },
         {
            "text":"Lesser than 144",
            "intent":"restaurant_search",
            "entities":[
               {
                  "start":12,
                  "end":15,
                  "entity":"maxbudget",
                  "value":"144"
               }
            ]
         },
         {
            "text":"lesser than 693",
            "intent":"restaurant_search",
            "entities":[
               {
                  "start":12,
                  "end":15,
                  "entity":"maxbudget",
                  "value":"693"
               }
            ]
         },
         {
            "text":"I'm hungry. Looking out for some good chinese restaurants in chandigarh.",
            "intent":"restaurant_search",
            "entities":[
               {
                  "start":38,
                  "end":45,
                  "entity":"cuisine",
                  "value":"chinese"
               },
               {
                  "start":61,
                  "end":71,
                  "entity":"location",
                  "value":"chandigarh"
               }
            ]
         },
         {
            "text":"Looking out for some good north indian restaurants in chennai.",
            "intent":"restaurant_search",
            "entities":[
               {
                  "start":26,
                  "end":38,
                  "entity":"cuisine",
                  "value":"north indian"
               },
               {
                  "start":54,
                  "end":61,
                  "entity":"location",
                  "value":"chennai"
               }
            ]
         },
         {
            "text":"Looking out for some good mexican restaurants in mumbai.",
            "intent":"restaurant_search",
            "entities":[
               {
                  "start":26,
                  "end":33,
                  "entity":"cuisine",
                  "value":"mexican"
               },
               {
                  "start":49,
                  "end":55,
                  "entity":"location",
                  "value":"mumbai"
               }
            ]
         },
         {
            "text":"I need some armenian food in Delhi tonight",
            "intent":"restaurant_search",
            "entities":[
               {
                  "start":12,
                  "end":20,
                  "entity":"cuisine",
                  "value":"armenian"
               },
               {
                  "start":29,
                  "end":34,
                  "entity":"location",
                  "value":"Delhi"
               }
            ]
         },
         {
            "text":"I would love to have some North Indian food in Bangalore",
            "intent":"restaurant_search",
            "entities":[
               {
                  "start":26,
                  "end":38,
                  "entity":"cuisine",
                  "value":"North Indian"
               },
               {
                  "start":47,
                  "end":56,
                  "entity":"location",
                  "value":"Bangalore"
               }
            ]
         },
         {
            "text":"i want to have some mughlai food today",
            "intent":"restaurant_search",
            "entities":[
               {
                  "start":20,
                  "end":27,
                  "entity":"cuisine",
                  "value":"mughlai"
               }
            ]
         },
         {
            "text":"i want to have some mughlai food today in mumbai",
            "intent":"restaurant_search",
            "entities":[
               {
                  "start":20,
                  "end":27,
                  "entity":"cuisine",
                  "value":"mughlai"
               },
               {
                  "start":42,
                  "end":48,
                  "entity":"location",
                  "value":"mumbai"
               }
            ]
         },
         {
            "text":"mughlai",
            "intent":"restaurant_search",
            "entities":[
               {
                  "start":0,
                  "end":7,
                  "entity":"cuisine",
                  "value":"mughlai"
               }
            ]
         },
         {
            "text":"thai",
            "intent":"restaurant_search",
            "entities":[
               {
                  "start":0,
                  "end":4,
                  "entity":"cuisine",
                  "value":"thai"
               }
            ]
         },
         {
            "text":"thanks",
            "intent":"thanks",
            "entities":[

            ]
         },
         {
            "text":"i am looking for a North indian restaurant called punjabi dhaba",
            "intent":"restaurant_search",
            "entities":[
               {
                  "start":19,
                  "end":31,
                  "value":"North indian",
                  "entity":"cuisine"
               }
            ]
         },
         {
            "text":"any Italian place in Lucknow",
            "intent":"restaurant_search",
            "entities":[
               {
                  "start":4,
                  "end":11,
                  "value":"Italian",
                  "entity":"cuisine"
               },
               {
                  "start":21,
                  "end":28,
                  "value":"Lucknow",
                  "entity":"location"
               }
            ]
         },
         {
            "text":"thank you",
            "intent":"thanks",
            "entities":[

            ]
         },
         {
            "text":"thankyou",
            "intent":"thanks",
            "entities":[

            ]
         }
      ],
      "regex_features":[
         {
            "id":1,
            "name":"emailid",
            "pattern":"[A-z0-9._%+-]+@[A-z0-9.-]+\\.[A-z.]{2,4}"
         }
      ],
      "lookup_tables":[

      ],
      "entity_synonyms":[
         {
            "value":"chinese",
            "synonyms":[
               "Chinese",
               "Chines",
               "chines"
            ]
         },
         {
            "value":"mexican",
            "synonyms":[
               "Mexicn",
               "Mexican",
               "mxican"
            ]
         },
         {
            "value":"italian",
            "synonyms":[
               "Italian",
               "Italin",
               "Itlian"
            ]
         },
         {
            "value":"american",
            "synonyms":[
               "American",
               "americn",
               "amrican"
            ]
         },
         {
            "value":"south indian",
            "synonyms":[
               "South Indian",
               "South indian",
               "south Indian"
            ]
         },
         {
            "value":"north indian",
            "synonyms":[
               "North Indian",
               "North indian",
               "north Indian"
            ]
         },
         {
            "value":"ahmedabad",
            "synonyms":[
               "Ahmedabad",
               "Ahmedbad",
               "Ahmeadbad"
            ]
         },
         {
            "value":"Bangalore",
            "synonyms":[
               "bengaluru",
               "bangalore",
               "Bangalur"
            ]
         },
         {
            "value":"chennai",
            "synonyms":[
               "chenai",
               "chenni",
               "madras"
            ]
         },
         {
            "value":"delhi",
            "synonyms":[
               "New Delhi",
               "Delli",
               "Dilli"
            ]
         },
         {
            "value":"hyderabad",
            "synonyms":[
               "Hyderabad",
               "hyderbad",
               "hyderabd"
            ]
         },
         {
            "value":"kolkata",
            "synonyms":[
               "Kolkata",
               "Calcutta",
               "Kolkatta"
            ]
         },
         {
            "value":"mumbai",
            "synonyms":[
               "Mumbai",
               "Bombai",
               "Bombay"
            ]
         },
         {
            "value":"pune",
            "synonyms":[
               "Pne",
               "Puna",
               "puna"
            ]
         },
         {
            "value":"agra",
            "synonyms":[
               "Agra"
            ]
         },
         {
            "value":"ajmer",
            "synonyms":[
               "Ajmer",
               "ajmr"
            ]
         },
         {
            "value":"aligarh",
            "synonyms":[
               "alligarh",
               "Aligarh",
               "Aligadh"
            ]
         },
         {
            "value":"allahabad",
            "synonyms":[
               "Allahbad",
               "Alahabad",
               "Illahabad",
               "Prayagraj"
            ]
         },
         {
            "value":"amravati",
            "synonyms":[
               "Amrvati",
               "Amravatti",
               "Amaravati"
            ]
         },
         {
            "value":"amritsar",
            "synonyms":[
               "amratsar",
               "amaritsar",
               "amrtsar"
            ]
         },
         {
            "value":"asansol",
            "synonyms":[
               "asnsol",
               "asansole"
            ]
         },
         {
            "value":"aurangabad",
            "synonyms":[
               "arangbad",
               "aurangabd"
            ]
         },
         {
            "value":"bareilly",
            "synonyms":[
               "barelly"
            ]
         },
         {
            "value":"belgaum",
            "synonyms":[
               "Belgam",
               "Belegaum",
               "Belegam"
            ]
         },
         {
            "value":"bhavnagar",
            "synonyms":[
               "bhavanagar",
               "Bhavnagar",
               "bhaavnagar"
            ]
         },
         {
            "value":"bhiwandi",
            "synonyms":[
               "bhiwaandi",
               "biwandi"
            ]
         },
         {
            "value":"bhopal",
            "synonyms":[
               "Bhopa",
               "Bhopl",
               "Bhopal"
            ]
         },
         {
            "value":"bhubaneswar",
            "synonyms":[
               "Bhuvaneswar",
               "Bhubaneshwar"
            ]
         },
         {
            "value":"bikaner",
            "synonyms":[
               "Bikaner"
            ]
         },
         {
            "value":"Bokaro Steel City",
            "synonyms":[
               "Bokaro"
            ]
         },
         {
            "value":"chandigarh",
            "synonyms":[
               "Chandigarh",
               "Chandigadh",
               "Chandigar"
            ]
         },
         {
            "value":"coimbatore",
            "synonyms":[
               "Coimbatore",
               "cbe",
               "Coimbator"
            ]
         },
         {
            "value":"Cuttack",
            "synonyms":[
               "Cuttck",
               "Cuttak"
            ]
         },
         {
            "value":"dehradun",
            "synonyms":[
               "Dehradun",
               "Deharadun"
            ]
         },
         {
            "value":"dhanbad",
            "synonyms":[
               "Dhanabad",
               "Dhanbd",
               "Dhanbad"
            ]
         },
         {
            "value":"Durg-Bhilai Nagar",
            "synonyms":[
               "Durg Nagar",
               "Bhilai Nagar",
               "Durg-Bhilai"
            ]
         },
         {
            "value":"durgapur",
            "synonyms":[
               "Duragapur",
               "Durgapure",
               "Durgapur"
            ]
         },
         {
            "value":"erode",
            "synonyms":[
               "Erode"
            ]
         },
         {
            "value":"faridabad",
            "synonyms":[
               "Faridabd",
               "Fardabad",
               "Faridabad"
            ]
         },
         {
            "value":"Firozabad",
            "synonyms":[
               "Firozbad",
               "Firzabad"
            ]
         },
         {
            "value":"ghaziabad",
            "synonyms":[
               "Gaziabad",
               "Ghazibad",
               "Ghaziabad"
            ]
         },
         {
            "value":"gorakhpur",
            "synonyms":[
               "Gorakpur",
               "Gorkhpur",
               "Gorakhpur"
            ]
         },
         {
            "value":"gulbarga",
            "synonyms":[
               "Gulbrga",
               "Gulbarg",
               "Gulbarga"
            ]
         },
         {
            "value":"guntur",
            "synonyms":[
               "Guntr",
               "Gantur",
               "Guntur"
            ]
         },
         {
            "value":"gurgaon",
            "synonyms":[
               "Gurugaon",
               "Gurugram",
               "Gurgao"
            ]
         },
         {
            "value":"guwahati",
            "synonyms":[
               "Gowahati",
               "Guwahathi",
               "Guwahati"
            ]
         },
         {
            "value":"gwalior",
            "synonyms":[
               "Gwaliar",
               "Ghwaliar",
               "Gwalior"
            ]
         },
         {
            "value":"Hubli-Dharwad",
            "synonyms":[
               "Hubli",
               "Dharwad",
               "Hubli-Darwad"
            ]
         },
         {
            "value":"indore",
            "synonyms":[
               "Indor",
               "Indore"
            ]
         },
         {
            "value":"jabalpur",
            "synonyms":[
               "Jablpur",
               "Jabalpur"
            ]
         },
         {
            "value":"jaipur",
            "synonyms":[
               "Jaipure",
               "Jaypur",
               "Jaipur"
            ]
         },
         {
            "value":"jalandhar",
            "synonyms":[
               "Jalandhr",
               "Jalanadhar",
               "Jalandar"
            ]
         },
         {
            "value":"jammu",
            "synonyms":[
               "Jammu"
            ]
         },
         {
            "value":"jamnagar",
            "synonyms":[
               "Jamanagar",
               "Jamnagr",
               "Jamnagar"
            ]
         },
         {
            "value":"jamshedpur",
            "synonyms":[
               "jamshedpure",
               "Jamshedpur"
            ]
         },
         {
            "value":"jhansi",
            "synonyms":[
               "Jansi",
               "Jhanasi",
               "Jhansi"
            ]
         },
         {
            "value":"jodhpur",
            "synonyms":[
               "Jodpur",
               "Jodhpure",
               "Jodhpur"
            ]
         },
         {
            "value":"Kannur",
            "synonyms":[
               "Kanur"
            ]
         },
         {
            "value":"kanpur",
            "synonyms":[
               "cawnpur",
               "Kaanpur",
               "Kanpur"
            ]
         },
         {
            "value":"kakinada",
            "synonyms":[
               "Kakinda",
               "Kakinad",
               "Kakinada"
            ]
         },
         {
            "value":"Kochi",
            "synonyms":[
               "Cochi",
               "cochin"
            ]
         },
         {
            "value":"Kottayam",
            "synonyms":[
               "Kotayam",
               "Kottyam"
            ]
         },
         {
            "value":"kolhapur",
            "synonyms":[
               "Kolapur",
               "Kohlapur",
               "Kolhapur"
            ]
         },
         {
            "value":"kollam",
            "synonyms":[
               "Kolam",
               "Kollam"
            ]
         },
         {
            "value":"kota",
            "synonyms":[
               "Kota"
            ]
         },
         {
            "value":"kozhikode",
            "synonyms":[
               "Kozhikod",
               "Kozhikode"
            ]
         },
         {
            "value":"kurnool",
            "synonyms":[
               "Kurnol",
               "Koornool",
               "Kurnool"
            ]
         },
         {
            "value":"lucknow",
            "synonyms":[
               "Lucknow",
               "Lko",
               "Luknow"
            ]
         },
         {
            "value":"ludhiana",
            "synonyms":[
               "Ludiana",
               "Ludhiana"
            ]
         },
         {
            "value":"madurai",
            "synonyms":[
               "Madurai"
            ]
         },
         {
            "value":"malappuram",
            "synonyms":[
               "Malapuram",
               "Mallappuram",
               "Malappuram"
            ]
         },
         {
            "value":"mathura",
            "synonyms":[
               "Matura",
               "Mathura"
            ]
         },
         {
            "value":"mangalore",
            "synonyms":[
               "Mangalor",
               "Manglore",
               "Mangalore"
            ]
         },
         {
            "value":"meerut",
            "synonyms":[
               "Merut",
               "Meerut"
            ]
         },
         {
            "value":"moradabad",
            "synonyms":[
               "Muradabad",
               "Moradbad",
               "Moradabad"
            ]
         },
         {
            "value":"mysore",
            "synonyms":[
               "Mysor",
               "Mysure"
            ]
         },
         {
            "value":"nagpur",
            "synonyms":[
               "Nagpure",
               "Nagpor",
               "Nagpur"
            ]
         },
         {
            "value":"nanded",
            "synonyms":[
               "Nanded"
            ]
         },
         {
            "value":"nashik",
            "synonyms":[
               "Nasik",
               "Nashik"
            ]
         },
         {
            "value":"nellore",
            "synonyms":[
               "Nellor",
               "Nelore",
               "Nellore"
            ]
         },
         {
            "value":"noida",
            "synonyms":[
               "greater Noida",
               "G. Noida",
               "Noida"
            ]
         },
         {
            "value":"palakkad",
            "synonyms":[
               "Palakad",
               "Pallakkad",
               "Pallakad"
            ]
         },
         {
            "value":"patna",
            "synonyms":[
               "Patna"
            ]
         },
         {
            "value":"pondicherry",
            "synonyms":[
               "Puducherry",
               "Puducherri",
               "Pondi"
            ]
         },
         {
            "value":"raipur",
            "synonyms":[
               "Raipur"
            ]
         },
         {
            "value":"rajkot",
            "synonyms":[
               "Rjakot",
               "Raajkot",
               "Rajkot"
            ]
         },
         {
            "value":"rajahmundry",
            "synonyms":[
               "Rajamundry",
               "Rajhmundry",
               "Rajmundry"
            ]
         },
         {
            "value":"ranchi",
            "synonyms":[
               "Rancih",
               "Ranchi"
            ]
         },
         {
            "value":"rourkela",
            "synonyms":[
               "Rourkel",
               "Rorkela",
               "Rourekla"
            ]
         },
         {
            "value":"salem",
            "synonyms":[
               "Selam",
               "Selem",
               "Salem"
            ]
         },
         {
            "value":"sangli",
            "synonyms":[
               "Sangil",
               "Sangli"
            ]
         },
         {
            "value":"siliguri",
            "synonyms":[
               "Siligur",
               "Siligudi",
               "Silguri"
            ]
         },
         {
            "value":"solapur",
            "synonyms":[
               "Sholapur",
               "Solpur",
               "Solapur"
            ]
         },
         {
            "value":"srinagar",
            "synonyms":[
               "Srinagr",
               "Sirinagar",
               "Sirnagar"
            ]
         },
         {
            "value":"sultanpur",
            "synonyms":[
               "Sultanapur",
               "Sulatanpur",
               "Sultanpur"
            ]
         },
         {
            "value":"surat",
            "synonyms":[
               "Surat"
            ]
         },
         {
            "value":"thiruvananthapuram",
            "synonyms":[
               "Trivandram",
               "Thiruvanantapuram",
               "Thiruvanthapuram"
            ]
         },
         {
            "value":"thrissur",
            "synonyms":[
               "Thirissur",
               "Thrisur",
               "Thirisur"
            ]
         },
         {
            "value":"Tiruchirappalli",
            "synonyms":[
               "Tiruchirapalli",
               "Tiruchirappali",
               "Tiruchirapali"
            ]
         },
         {
            "value":"tirunelveli",
            "synonyms":[
               "Trunelveli",
               "Thirunelveli",
               "Tirnelveli"
            ]
         },
         {
            "value":"tiruppur",
            "synonyms":[
               "Tirupur",
               "Tiruppor",
               "Tiruppur"
            ]
         },
         {
            "value":"ujjain",
            "synonyms":[
               "Ujain",
               "Ujjan",
               "Ujjain"
            ]
         },
         {
            "value":"bijapur",
            "synonyms":[
               "Bijpur",
               "Bijapur"
            ]
         },
         {
            "value":"vadodara",
            "synonyms":[
               "Baroda",
               "Vadodra",
               "Vadodara"
            ]
         },
         {
            "value":"varanasi",
            "synonyms":[
               "Varansi",
               "Banaras",
               "Varanasi"
            ]
         },
         {
            "value":"Vasai-Virar City",
            "synonyms":[
               "Vasai City",
               "Virar City"
            ]
         },
         {
            "value":"vijayawada",
            "synonyms":[
               "Vijaywada",
               "Vijayawada",
               "Vijaiawada"
            ]
         },
         {
            "value":"Visakhapatnam",
            "synonyms":[
               "Visakapatnam",
               "Vishakhapatnam",
               "Vishakapatnam"
            ]
         },
         {
            "value":"warangal",
            "synonyms":[
               "Warangal"
            ]
         }
      ]
   }
}